id,course_id,skill_level,skill_level_jp,purpose,purpose_jp,learn_info,learn_info_jp,outcome,outcome_jp,price,price_jp,price_hk,price_in_points,created_at,updated_at
1,1,Beginner,ビギナー,"Prepare for job interviews by learning how to introduce yourself, answer common questions, discuss basic experience, and communicate professionally.",自己紹介、一般的な質問への答え、基本的な経験について話し合い、専門的にコミュニケーションする方法を学ぶことで、就職の面接の準備をします。,"Understand the purpose of a job interview, including how interviews are structured, what employers commonly look for, and how preparation can improve confidence.",面接がどのように構成されているか、雇用主が一般的に探しているもの、準備がどのように自信を向上させるかなど、就職の面接の目的を理解します。,"Prepare clear and confident interview answers, introduce yourself professionally, discuss your skills and experience, and respond effectively to common interview questions.",明確かつ自信を持って面接の答えを準備し、専門的に自己紹介し、あなたのスキルと経験を議論し、一般的な面接の質問に効果的に対応します。,237,237,237,237,NULL,NULL
2,1,Intermediate,中級,"Improve interview preparation by developing stronger answers, discussing skills and experience clearly, and practicing professional communication for different interview situations.",より強い答えを開発し、技術および経験をはっきり論議し、異なったインタビューの状態のための専門コミュニケーションを練習することによ,"Learn how to prepare relevant examples, organize answers, discuss skills and experience, and communicate clearly during different types of interview questions.",関連する例を準備し、答えを整理し、スキルと経験を議論し、インタビューの質問の異なるタイプの間に明確に通信する方法を学びます。,"Improve interview performance by giving stronger structured answers, explaining experience clearly, handling different question types, and communicating professionally during interviews.",より強力な構造化された回答を提供し、経験を明確に説明し、異なる質問タイプを処理し、インタビュー中に専門的に通信することによ,428,428,428,428,NULL,NULL
3,1,Advanced,アドバンスド,"Refine advanced interview skills through structured responses, challenging questions, professional storytelling, and thoughtful preparation for competitive interview situations.",構造化された応答、挑戦的な質問、プロのストーリーテリング、競争力のあるインタビューの状況のための思慮深い準備を通じて、高度な,"Develop a stronger understanding of challenging interview situations, including behavioral questions, professional storytelling, follow-up questions, and adapting answers to different roles.",行動的な質問、プロのストーリーテリング、フォローアップの質問、さまざまな役割への回答の適応など、挑戦的なインタビューの状況をより強く理解する。,"Handle challenging interview situations by using structured responses, professional storytelling, thoughtful examples, and adaptable communication strategies for different roles.",構造化された応答、専門的なストーリーテリング、思慮深い例、およびさまざまな役割のための適応可能なコミュニケーション戦略を使用して、挑戦的な面接の状況を処理します。,716,716,716,716,NULL,NULL
4,1,Expert,専門家,"Develop a polished interview approach by combining confident communication, adaptable responses, strong answer structure, professional presentation, and independent preparation.",自信を持ってコミュニケーション、適応可能な応答、強力な回答構造、専門的なプレゼンテーション、および独立した準備を組み合わせることによ,"Learn how to independently prepare for interviews by researching roles, planning responses, practicing communication, and evaluating your presentation before the interview.",役割を調査し、応答を計画し、コミュニケーションを練習し、インタビューの前にあなたの提示を評価することによって独立してインタビューのために準備する方法を学びなさい。,"Conduct independent interview preparation by researching roles, planning responses, practicing communication, reviewing performance, and adapting answers to different interview situations.",役割を調査し、応答を計画し、コミュニケーションを練習し、性能を見直し、そして異なったインタビューの状態への答えを適応させることによ,1034,1034,1034,1034,NULL,NULL
5,2,Beginner,ビギナー,"Learn to organize a clear resume or CV by presenting education, skills, experience, achievements, and relevant information in an easy-to-read format.",読みやすい形式で教育、スキル、経験、成果、および関連情報を提示することにより、明確な履歴書や履歴書を整理することを学びます。,"Understand the main purpose of a resume or CV, including how personal information, education, skills, experience, and achievements are organized for applications.",個人情報、教育、スキル、経験、および実績がアプリケーションのためにどのように組織されているかなど、履歴書または履歴書の主な目的を理解します。,"Create a clear and organized resume or CV that presents education, skills, experience, achievements, and relevant information professionally.",教育、スキル、経験、成果、および関連情報を専門的に提示する明確で組織的な履歴書または履歴書を作成します。,181,181,181,181,NULL,NULL
6,2,Intermediate,中級,"Improve resume and CV quality by strengthening descriptions, organizing information effectively, highlighting relevant experience, and adapting content for different opportunities.",説明を強化し、情報を効果的に整理し、関連する経験を強調し、さまざまな機会にコンテンツを適応させることにより、履歴書と履歴書の品質を向上させます。,"Learn how to improve resume content by writing clearer descriptions, highlighting relevant experience, organizing sections, and adjusting information for different opportunities.",より明確な説明を書いたり、関連する経験を強調したり、セクションを整理したり、さまざまな機会に合わせて情報を調整したりすることで、レジュメの内容を改善する方法を学びます。,"Improve resume content by writing stronger descriptions, highlighting relevant experience, organizing sections effectively, and adapting information for different job opportunities.",より強力な説明を書いたり、関連する経験を強調したり、セクションを効果的に整理したり、さまざまな雇用機会に合わせて情報を適応させたりすることで、履歴書の内容を改善します。,467,467,467,467,NULL,NULL
7,2,Advanced,アドバンスド,"Refine professional application documents through targeted content, achievement-focused descriptions, stronger writing, effective organization, and careful presentation.",目標とされた内容、達成集中された記述、より強い執筆、有効な構成および注意深い提示によって専門の応募書類を精製しなさい。,"Explore advanced resume and CV techniques, including targeted content, achievement-focused writing, stronger professional summaries, document organization, and adapting applications to specific roles.",ターゲットを絞ったコンテンツ、達成に焦点を当てた執筆、より強力な専門的な要約、文書編成、および特定の役割へのアプリケーションの適応など、高度な履歴書と履歴書のテクニックを探ります。,"Create targeted professional application documents using achievement-focused writing, relevant content, strong organization, and clear presentation for specific career opportunities.",特定のキャリアの機会のための達成集中された執筆、関連した内容、強い構成および明確な提示を使用して目標とされた専門の応募書類を作成,782,782,782,782,NULL,NULL
8,2,Expert,専門家,"Develop a polished resume or CV strategy by creating adaptable professional documents that clearly communicate experience, strengths, achievements, and career direction.",経験、強み、成果、キャリアの方向性を明確に伝える適応可能な専門的な文書を作成することにより、洗練された履歴書またはCV戦略を開発します。,"Learn how to independently review and improve professional application documents by checking clarity, relevance, structure, consistency, and the way experience and strengths are presented.",明確さ、関連性、構造、一貫性、および経験と強みが提示される方法をチェックすることにより、プロの申請書類を独自に見直し、改善する方法を学びます。,"Independently review and improve resumes or CVs by checking clarity, relevance, structure, consistency, and how effectively experience and strengths are presented.",独立して明快さ、関連性、構造、一貫性、およびいかに効果的に経験および強さが示されるか点検によって概要かCvを見直し、改善しなさい。,973,973,973,973,NULL,NULL
9,3,Beginner,ビギナー,"Build basic workplace communication skills by learning how to communicate clearly with colleagues, participate in discussions, write simple messages, and respond appropriately.",同僚と明確にコミュニケーションをとり、議論に参加し、簡単なメッセージを書き、適切に対応する方法を学ぶことにより、職場の基本的なコミュ,"Understand the foundations of workplace communication, including professional conversations, clear messages, active listening, teamwork, meetings, feedback, and appropriate workplace language.",専門的な会話、明確なメッセージ、アクティブなリスニング、チームワーク、会議、フィードバック、適切な職場言語など、職場コミュニケーションの基礎を理解します。,"Communicate clearly in everyday workplace situations by participating in discussions, writing professional messages, listening actively, and responding appropriately.",議論に参加し、専門的なメッセージを書いて、積極的に聞いて、適切に対応することにより、日常の職場の状況で明確に通信します。,269,269,269,269,NULL,NULL
10,3,Intermediate,中級,"Improve workplace communication by practicing clearer explanations, active listening, professional messages, feedback, teamwork, and communication for different work situations.",明確な説明、アクティブなリスニング、プロのメッセージ、フィードバック、チームワーク、およびさまざまな作業状況のためのコミュ,"Learn how to communicate more effectively at work by adapting your tone, explaining ideas clearly, listening actively, participating in discussions, and responding appropriately.",あなたのトーンを適応させ、アイデアを明確に説明し、積極的に聞いて、議論に参加し、適切に対応することによって、職場でより効果的にコミュニケーシ,"Improve workplace communication by explaining ideas clearly, using appropriate professional language, giving feedback, collaborating with colleagues, and adapting communication to different situations.",アイデアを明確に説明し、適切な専門的な言語を使用して、フィードバックを与え、同僚と協力し、さまざまな状況にコミュニケーションを適応させることで、職場のコミュニケーションを向上させます。,391,391,391,391,NULL,NULL
11,3,Advanced,アドバンスド,"Refine professional communication by handling complex workplace conversations, presenting ideas clearly, giving constructive feedback, and adapting communication to different people.",複雑な職場での会話を処理し、アイデアを明確に提示し、建設的なフィードバックを与え、さまざまな人々にコミュニケーションを適応させることによ,"Explore more complex workplace communication situations, including difficult conversations, constructive feedback, professional disagreement, collaboration, and adapting communication to different people.",困難な会話、建設的なフィードバック、専門家の意見の相違、コラボレーション、さまざまな人々へのコミュニケーションの適応など、より複雑な職場のコミュ,"Handle more complex workplace conversations by presenting ideas effectively, giving constructive feedback, managing disagreements, and adapting communication to different people.",アイデアを効果的に提示し、建設的なフィードバックを与え、意見の相違を管理し、さまざまな人々にコミュニケーションを適応させることによ,674,674,674,674,NULL,NULL
12,3,Expert,専門家,"Develop an adaptable workplace communication style through advanced listening, professional expression, thoughtful responses, collaboration, and effective handling of challenging conversations.",高度なリスニング、プロの表現、思慮深い応答、コラボレーション、および挑戦的な会話の効果的な処理を通じて適応可能な職場のコミュニケーショ,"Learn how to independently handle workplace communication by combining clear expression, active listening, thoughtful responses, professional tone, and practical strategies for challenging situations.",明確な表現、アクティブなリスニング、思慮深い応答、プロのトーン、挑戦的な状況のための実用的な戦略を組み合わせることにより、独立して職場のコ,"Communicate independently and professionally by combining active listening, clear expression, thoughtful responses, collaboration, and effective strategies for challenging workplace situations.",積極的なリスニング、明確な表現、思慮深い応答、コラボレーション、挑戦的な職場の状況のための効果的な戦略を組み合わせることによ,1087,1087,1087,1087,NULL,NULL
13,4,Beginner,ビギナー,"Understand basic leadership principles by developing communication, teamwork, responsibility, decision-making, goal setting, and simple problem-solving skills.",コミュニケーション、チームワーク、責任、意思決定、目標設定、簡単な問題解決スキルを開発することにより、基本的なリーダーシップの原則を理解します。,"Understand the foundations of leadership, including communication, teamwork, responsibility, decision-making, goal setting, delegation, and basic problem-solving.",コミュニケーション、チームワーク、責任、意思決定、目標設定、委任、基本的な問題解決など、リーダーシップの基礎を理解します。,"Apply basic leadership skills by communicating clearly, working with others, taking responsibility, setting goals, making decisions, and solving simple problems.",明確にコミュニケーションをとり、他の人と協力し、責任を取り、目標を設定し、意思決定を行い、単純な問題を解決することによ,214,214,214,214,NULL,NULL
14,4,Intermediate,中級,"Strengthen leadership abilities by practicing delegation, goal setting, teamwork, communication, decision-making, accountability, and practical problem-solving.",委任、目標設定、チームワーク、コミュニケーション、意思決定、説明責任、実践的な問題解決を実践することにより、リーダーシップ能力を強化する。,"Learn how leadership responsibilities develop through effective communication, team coordination, delegation, accountability, goal setting, and practical decision-making.",効果的なコミュニケーション、チームの調整、委任、説明責任、目標設定、実践的な意思決定を通じて、リーダーシップの責任がどのように発展するかを学びます。,"Use stronger leadership practices by coordinating tasks, delegating responsibilities, setting goals, communicating with teams, making decisions, and maintaining accountability.",タスクの調整、責任の委任、目標の設定、チームとのコミュニケーション、意思決定、説明責任の維持によって、より強力なリーダーシップの実践を使用します。,453,453,453,453,NULL,NULL
15,4,Advanced,アドバンスド,"Develop advanced leadership skills through strategic thinking, team coordination, conflict handling, decision-making, communication, responsibility, and effective support for different team needs.",戦略的思考、チームの調整、紛争処理、意思決定、コミュニケーション、責任、およびさまざまなチームのニーズのための効果的なサポートを通じて、高度なリーダーシップスキルを開発します。,"Explore advanced leadership concepts such as strategic thinking, team development, conflict handling, decision-making, communication, accountability, and supporting different team needs.",戦略的思考、チーム開発、紛争処理、意思決定、コミュニケーション、説明責任、およびさまざまなチームのニーズをサポートするなどの高度なリーダーシップの概念,"Handle advanced leadership situations by applying strategic thinking, team coordination, conflict management, decision-making, communication, and team development skills.",戦略的思考、チーム調整、紛争管理、意思決定、コミュニケーション、チーム開発スキルを適用することにより、高度なリーダーシップの状況を処理します。,741,741,741,741,NULL,NULL
16,4,Expert,専門家,"Build an independent leadership approach by combining clear communication, thoughtful decisions, team development, problem-solving, accountability, and adaptable leadership practices.",明確なコミュニケーション、思慮深い意思決定、チーム開発、問題解決、説明責任、適応可能なリーダーシップの練習を結合することによって独立したリーダーシップアプローチを構築します。,"Learn how to develop an independent leadership approach by applying communication, decision-making, problem-solving, team development, accountability, and adaptable leadership practices.",コミュニケーション、意思決定、問題解決、チーム開発、説明責任、適応可能なリーダーシップの練習を適用することによって独立したリーダーシップのアプロー,"Develop an independent leadership approach by combining communication, decision-making, problem-solving, accountability, team development, and adaptable leadership practices.",コミュニケーション、意思決定、問題解決、説明責任、チーム開発、および適応可能なリーダーシップの練習の結合によって独立したリーダーシップのアプロー,1012,1012,1012,1012,NULL,NULL
17,5,Beginner,ビギナー,"Learn the basic principles of digital marketing by understanding audiences, content, social media, search, online campaigns, and essential marketing concepts.",オーディエンス、コンテンツ、ソーシャルメディア、検索、オンラインキャンペーン、および重要なマーケティングの概念を理解することによって、デジタルマーケティングの基本原則を学びます。,"Understand the basic principles of digital marketing, including audiences, content, social media, search, online campaigns, marketing goals, and basic performance measurement.",オーディエンス、コンテンツ、ソーシャルメディア、検索、オンラインキャンペーン、マーケティング目標、基本的なパフォーマンス測定など、デジタルマーケティングの基本原則を理解します。,"Explain the basic principles of digital marketing, identify target audiences, understand major digital channels, develop simple content ideas, and recognize the purpose of online campaigns.",デジタルマーケティングの基本原則を説明し、ターゲットオーディエンスを特定し、主要なデジタルチャネルを理解し、簡単なコンテンツのアイデアを開発し、オンラインキャンペーンの目的を認識します。,292,292,292,292,NULL,NULL
18,5,Intermediate,中級,"Develop stronger digital marketing skills by creating content ideas, understanding audiences, planning campaigns, using digital channels, and reviewing basic performance information.",コンテンツのアイデアを作成し、視聴者を理解し、キャンペーンを計画し、デジタルチャネルを使用し、基本的なパフォーマンス情報を確認することによ,"Learn how digital marketing activities can be planned around audiences, content, communication channels, campaign goals, and basic performance information.",オーディエンス、コンテンツ、コミュニケーションチャネル、キャンペーンの目標、基本的なパフォーマンス情報を中心にデジタルマーケティングアクティビティを計画する方法について説明します。,"Plan basic digital marketing activities by understanding audiences, developing content ideas, selecting suitable channels, organizing campaigns, and reviewing basic performance information.",オーディエンスを理解し、コンテンツのアイデアを開発し、適切なチャネルを選択し、キャンペーンを整理し、基本的なパフォーマンス情報をレビューすることにより、基本的なデジタルマーケティング活動を計画します。,376,376,376,376,NULL,NULL
19,5,Advanced,アドバンスド,"Refine digital marketing skills through campaign planning, audience analysis, content strategy, channel selection, performance review, and structured marketing decisions.",キャンペーン計画、オーディエンス分析、コンテンツ戦略、チャネル選択、パフォーマンスレビュー、構造化されたマーケティング意思決定を通じて、デジタルマーケティングスキルを洗練します。,"Explore advanced digital marketing concepts including audience analysis, content strategy, campaign planning, channel selection, performance evaluation, and structured marketing decisions.",オーディエンス分析、コンテンツ戦略、キャンペーン計画、チャネル選択、パフォーマンス評価、構造化されたマーケティング意思決定など、高度なデジタルマーケティングの概念をご覧ください。,"Develop structured digital marketing strategies by analyzing audiences, planning content, selecting channels, evaluating campaign performance, and making informed marketing decisions.",オーディエンスの分析、コンテンツの計画、チャネルの選択、キャンペーンのパフォーマンスの評価、情報に基づいたマーケティングの意思決定を行うことにより、構造化されたデジタルマーケティング戦略を開発します。,698,698,698,698,NULL,NULL
20,5,Expert,専門家,"Develop an adaptable digital marketing approach by combining audience understanding, strategic planning, content development, campaign evaluation, and informed decisions across digital channels.",オーディエンスの理解、戦略的計画、コンテンツ開発、キャンペーン評価、デジタルチャネル全体での情報に基づいた意思決定を組み合わせることにより、適応可能なデジタルマーケティングアプローチを開発します。,"Learn how to independently plan and evaluate digital marketing activities by combining audience research, content development, campaign strategy, channel selection, and performance analysis.",オーディエンスリサーチ、コンテンツ開発、キャンペーン戦略、チャネル選択、パフォーマンス分析を組み合わせて、デジタルマーケティング活動を独自に計画し、評価する方法を学びます。,"Independently plan and evaluate digital marketing activities by combining audience research, content development, campaign strategy, channel selection, performance analysis, and adaptable marketing decisions.",オーディエンスリサーチ、コンテンツ開発、キャンペーン戦略、チャネル選択、パフォーマンス分析、適応可能なマーケティング決定を組み合わせることにより、デジタルマーケティング活動を独自に計画および評価します。,1065,1065,1065,1065,NULL,NULL
21,6,Beginner,ビギナー,"Improve your coding foundation by practicing variables, conditions, loops, functions, basic logic, and simple problem-solving through approachable programming exercises.",変数、条件、ループ、関数、基本的なロジック、および親しみやすいプログラミング演習を通じて簡単な問題解決を練習することによって、あなたのコーディ,"Understand basic programming concepts such as variables, data types, conditions, loops, functions, logical thinking, and simple problem-solving.",変数、データ型、条件、ループ、関数、論理的思考、単純な問題解決などの基本的なプログラミングの概念を理解します。,"Write and run simple programs using variables, conditions, loops, functions, and basic problem-solving techniques.",変数、条件、ループ、関数、および基本的な問題解決手法を使用して、簡単なプログラムを作成して実行します。,226,226,226,226,NULL,NULL
22,6,Intermediate,中級,"Strengthen coding skills by working with more structured programs, debugging common issues, organizing code, and applying programming concepts to practical problems.",より構造化されたプログラムを使用し、共通の問題をデバッグし、コードを整理し、実用的な問題にプログラミングの概念を適用することによ,"Learn how structured programs work by practicing code organization, debugging, reusable functions, problem-solving, and applying programming concepts to practical examples.",コード編成、デバッグ、再利用可能な関数、問題解決、および実用的な例にプログラミングの概念を適用することによって、構造化プログラムがどのよ,"Create more structured programs by organizing code effectively, using reusable functions, identifying errors, and applying programming concepts to practical tasks.",コードを効果的に整理し、再利用可能な関数を使用し、エラーを特定し、プログラミングの概念を実用的なタスクに適用することで、より構造化されたプ,445,445,445,445,NULL,NULL
23,6,Advanced,アドバンスド,"Develop advanced programming skills by combining multiple concepts, improving code structure, solving more complex problems, and creating practical programs with greater independence.",複数の概念を組み合わせ、コード構造を改善し、より複雑な問題を解決し、より大きな独立性を持つ実用的なプログラムを作成することによ,"Explore advanced programming concepts through more complex problem-solving, improved code structure, debugging techniques, program organization, and combining multiple programming concepts.",より複雑な問題解決、改善されたコード構造、デバッグ技術、プログラム編成、および複数のプログラミング概念の組み合わせを通じて、高度なプログ,"Develop more complex programs by combining multiple programming concepts, improving code structure, debugging efficiently, and solving larger programming problems.",複数のプログラミング概念を組み合わせ、コード構造を改善し、効率的にデバッグし、より大きなプログラミング問題を解決することによ,759,759,759,759,NULL,NULL
24,6,Expert,専門家,"Build an independent coding approach by designing structured solutions, debugging effectively, improving code quality, and applying programming knowledge to larger practical projects.",構造化されたソリューションを設計し、効果的にデバッグし、コード品質を向上させ、より大きな実用的なプロジェクトにプログラミングナレッジを適用することにより、独立したコーディングアプローチを構築します。,"Learn how to independently plan, write, test, debug, and improve programs while applying coding concepts to larger and more practical programming projects.",より大きく、より実用的なプログラミングプロジェクトにコーディングの概念を適用している間独立してプログラムを計画し、書き、テストし、デバッグし、改良する方法を学びなさい。,"Independently plan, write, test, debug, and improve practical programs while applying programming concepts to larger and more structured coding projects.",より大規模で構造化されたコーディングプロジェクトにプログラミングの概念を適用しながら、実用的なプログラムを独自に計画、作成、テスト、デバ,994,994,994,994,NULL,NULL
25,7,Beginner,ビギナー,"Learn how AI tools can support everyday tasks such as writing, brainstorming, research, summarizing information, organization, and simple productivity activities.",Aiツールが、執筆、ブレーンストーミング、研究、情報の要約、組織化、単純な生産性活動などの日常的なタスクをどのようにサポートできるかを学びます。,"Understand how AI tools can support everyday tasks such as writing, brainstorming, research, summarizing information, organizing ideas, and improving productivity.",Aiツールが、執筆、ブレーンストーミング、研究、情報の要約、アイデアの整理、生産性の向上などの日常的なタスクをどのようにサポートできるかを理解します。,"Use AI tools for everyday writing, brainstorming, research, summarization, organization, and productivity tasks with clear and practical instructions.",AIツールを使用して、日常の執筆、ブレーンストーミング、研究、要約、組織、生産性のタスクを明確で実用的な指示で実行できます。,173,173,173,173,NULL,NULL
26,7,Intermediate,中級,"Improve AI tool usage by creating clearer instructions, refining outputs, organizing workflows, and applying AI effectively to different study and work tasks.",より明確な指示を作成し、出力を洗練し、ワークフローを整理し、さまざまな研究や作業タスクにAIを効果的に適用することで、AIツールの使用を改善します。,"Learn how to create clearer instructions for AI tools, refine generated results, organize AI-supported workflows, and apply different tools to practical study and work situations.",AIツールのより明確な指示を作成し、生成された結果を洗練し、AIサポートされているワークフローを整理し、さまざまなツールを実践的な学習や作業状況に適用する方法を学びます。,"Create more effective AI-assisted workflows by writing clearer instructions, refining results, organizing tasks, and selecting suitable AI tools for different situations.",より明確な指示を作成し、結果を洗練し、タスクを整理し、さまざまな状況に適したAIツールを選択することで、より効果的なAI支援ワークフローを作成します。,482,482,482,482,NULL,NULL
27,7,Advanced,アドバンスド,"Develop advanced AI workflow skills by combining multiple tools and techniques, reviewing results carefully, improving prompts, and applying AI to more complex professional tasks.",複数のツールやテクニックを組み合わせ、結果を慎重に見直し、プロンプトを改善し、より複雑な専門的なタスクにAIを適用することにより、高度なAI,"Explore advanced AI workflows by combining multiple techniques, improving instructions, reviewing generated results, and applying AI tools to more complex professional and creative tasks.",複数のテクニックを組み合わせ、指示を改善し、生成された結果を確認し、より複雑な専門的および創造的なタスクにAIツールを適用することで、高度なAIワークフローを探索します。,"Apply advanced AI workflows by combining tools and techniques, improving instructions, reviewing results carefully, and using AI for more complex professional and creative tasks.",ツールとテクニックを組み合わせ、指示を改善し、結果を慎重にレビューし、より複雑な専門的および創造的なタスクにAIを使用することにより、高度なAIワークフローを適用します。,687,687,687,687,NULL,NULL
28,7,Expert,専門家,"Build an effective and adaptable AI workflow by independently selecting suitable tools, creating structured instructions, reviewing results, and integrating AI responsibly into everyday work.",適切なツールを独自に選択し、構造化された指示を作成し、結果をレビューし、責任を持ってAIを日常業務に統合することにより、効果的で適応可能なAIワークフローを構築します。,"Learn how to independently select suitable AI tools, create structured instructions, evaluate results, and integrate AI responsibly into everyday professional workflows.",適切なAIツールを個別に選択し、構造化された指示を作成し、結果を評価し、責任を持ってaiを日常のプロフェッショナルワークフローに統合する方法について説明します。,"Independently select suitable AI tools, create structured instructions, evaluate results critically, and integrate AI responsibly into everyday work.",適切なAIツールを独自に選択し、構造化された指示を作成し、結果を批判的に評価し、責任を持ってaiを日常業務に統合します。,1071,1071,1071,1071,NULL,NULL
29,8,Beginner,ビギナー,"Understand basic data concepts by learning how to organize information, read tables, identify patterns, compare values, and communicate simple findings clearly.",情報の整理、表の読み取り、パターンの識別、値の比較、簡単な調査結果の明確な伝達方法を学習することで、基本的なデータの概念を理解します。,"Understand basic data concepts, including how information is collected, organized, presented, compared, and interpreted through tables and simple visual formats.",情報がどのように収集され、整理され、提示され、比較され、テーブルや単純な視覚的な形式で解釈されるかなど、基本的なデータの概念を理解します。,"Organize and interpret basic data using tables, comparisons, simple calculations, patterns, and clear visual presentations.",テーブル、比較、簡単な計算、パターン、および明確な視覚提示を使用して基本的なデータを組織し、解釈しなさい。,258,258,258,258,NULL,NULL
30,8,Intermediate,中級,"Strengthen data skills by practicing data organization, basic analysis, simple calculations, visual presentation, and interpretation of information from different sources.",データ編成、基本的な分析、簡単な計算、視覚的なプレゼンテーション、さまざまなソースからの情報の解釈を実践することにより、データスキルを強化します。,"Learn how to organize and analyze information using basic calculations, comparisons, patterns, tables, and visual presentations to communicate findings more clearly.",基本的な計算、比較、パターン、表、視覚的なプレゼンテーションを使用して情報を整理および分析し、調査結果をより明確に伝える方法を学びます。,"Analyze information more effectively by organizing data, identifying patterns, comparing results, creating basic visualizations, and communicating findings clearly.",データを整理し、パターンを特定し、結果を比較し、基本的な視覚化を作成し、調査結果を明確に伝えることにより、情報をより効果的に分析します。,364,364,364,364,NULL,NULL
31,8,Advanced,アドバンスド,"Develop advanced data skills by analyzing larger sets of information, identifying meaningful patterns, comparing results, and presenting findings in a clear and structured way.",より多くの情報を分析し、意味のあるパターンを特定し、結果を比較し、明確で構造化された方法で調査結果を提示することにより、高度なデータスキルを開発します。,"Explore advanced data skills through larger information sets, pattern analysis, comparisons, interpretation, visualization, and structured presentation of meaningful findings.",より大きな情報セット、パターン分析、比較、解釈、視覚化、意味のある調査結果の構造化された提示を通じて、高度なデータスキルを探ります。,"Analyze larger and more detailed datasets by identifying meaningful patterns, interpreting results, comparing information, and presenting findings in a structured way.",意味のあるパターンを特定し、結果を解釈し、情報を比較し、構造化された方法で調査結果を提示することにより、より大きく、より詳細なデータセット,728,728,728,728,NULL,NULL
32,8,Expert,専門家,"Build an independent data-analysis approach by combining organization, interpretation, visualization, critical thinking, and clear communication of findings for practical situations.",組織、解釈、視覚化、批判的思考、および実用的な状況のための調査結果の明確なコミュニケーションを組み合わせることにより、独立したデータ分析ア,"Learn how to independently analyze and communicate data by combining organization, interpretation, visualization, critical thinking, and clear presentation techniques.",組織、解釈、視覚化、批判的思考、明確なプレゼンテーション技術を組み合わせて、データを独立して分析し、伝達する方法を学びます。,"Independently analyze and communicate data by combining organization, interpretation, visualization, critical thinking, and clear presentation techniques.",組織、解釈、視覚化、批判的思考、明確なプレゼンテーション技術を組み合わせることにより、データを独立して分析し、伝達します。,1048,1048,1048,1048,NULL,NULL
33,9,Beginner,ビギナー,"Learn the fundamentals of web design by understanding page structure, layouts, typography, colors, spacing, navigation, and basic responsive design principles.",ページ構造、レイアウト、タイポグラフィ、色、間隔、ナビゲーション、および基本的なレスポンシブデザインの原則を理解することによって、webデザイ,"Understand the basic principles of web design, including page structure, layouts, typography, colors, spacing, navigation, visual hierarchy, and responsive design.",ページ構造、レイアウト、タイポグラフィ、色、間隔、ナビゲーション、視覚的階層、レスポンシブデザインなど、webデザインの基本原則を理解します。,"Create organized web pages using basic layouts, typography, colors, spacing, navigation, visual hierarchy, and responsive design principles.",基本的なレイアウト、タイポグラフィ、色、間隔、ナビゲーション、視覚的な階層、および応答性の設計原則を使用して組織化されたwebページを作成します。,201,201,201,201,NULL,NULL
34,9,Intermediate,中級,"Improve web design skills by creating clearer layouts, organizing visual elements, applying responsive principles, and developing more consistent and user-friendly page designs.",より明確なレイアウトを作成し、視覚要素を整理し、敏感な主義を適用し、そしてより一貫した、ユーザーフレンドリーのページの設計を開発することによ,"Learn how to create more organized web layouts by applying typography, color, spacing, navigation, visual hierarchy, and responsive design principles.",タイポグラフィ、色、間隔、ナビゲーション、視覚的な階層、レスポンシブデザインの原則を適用することにより、より組織化されたwebレイアウ,"Design clearer and more consistent web layouts by applying typography, color, spacing, navigation, visual hierarchy, and responsive design techniques.",タイポグラフィ、色、間隔、ナビゲーション、視覚的階層、レスポンシブデザイン手法を適用することにより、より明確で一貫性のあるwebレイアウ,417,417,417,417,NULL,NULL
35,9,Advanced,アドバンスド,"Refine web design abilities by combining visual hierarchy, responsive layouts, typography, navigation, accessibility considerations, and structured design decisions across different pages.",視覚的な階層、レスポンシブなレイアウト、タイポグラフィ、ナビゲーション、アクセシビリティの考慮事項、および異なるページ間で構造化されたデザイ,"Explore advanced web design concepts by combining responsive layouts, typography, visual hierarchy, navigation, accessibility considerations, and consistent design systems.",レスポンシブレイアウト、タイポグラフィ、視覚的階層、ナビゲーション、アクセシビリティの考慮事項、一貫したデザインシステムを組み合,"Create more advanced web designs by combining responsive layouts, typography, visual hierarchy, navigation, accessibility considerations, and consistent design systems.",レスポンシブレイアウト、タイポグラフィ、視覚的階層、ナビゲーション、アクセシビリティの考慮事項、一貫したデザインシステムを組み合,793,793,793,793,NULL,NULL
36,9,Expert,専門家,"Develop an independent web design approach by planning complete page structures, making thoughtful design decisions, improving usability, and creating consistent experiences across different screen sizes.",完全なページ構造を計画し、思慮深い設計決定を行い、使いやすさを改善し、異なる画面サイズにわたって一貫した経験を作成することによ,"Learn how to independently plan and design complete web pages by making thoughtful decisions about structure, usability, visual consistency, responsiveness, and user experience.",構造、使いやすさ、視覚的な一貫性、応答性、ユーザーエクスペリエンスについて慎重に決定することにより、完全なwebページを独立して計画し、設計する方法,"Independently plan and design complete web pages by making thoughtful decisions about structure, usability, responsiveness, visual consistency, and user experience.",独立して構造、有用性、敏感さ、視覚一貫性およびユーザーの経験についての思慮深い決定をすることによって完全なwebページを計画し、設計しなさい。,981,981,981,981,NULL,NULL
37,10,Beginner,ビギナー,"Learn essential cybersecurity concepts by understanding passwords, phishing, privacy, account protection, device security, and common online risks.",パスワード、フィッシング、プライバシー、アカウント保護、デバイスセキュリティ、および一般的なオンラインリスクを理解することによって、サイバーセキュリティの本質的な概念を学びます。,"Understand basic cybersecurity concepts, including password protection, phishing, privacy, account security, device protection, and common online risks.",パスワード保護、フィッシング、プライバシー、アカウントセキュリティ、デバイス保護、一般的なオンラインリスクなど、基本的なサイバーセキュリティの概念を理解します。,"Recognize common cybersecurity risks and apply basic practices for protecting passwords, accounts, devices, personal information, and online activity.",一般的なサイバーセキュリティリスクを認識し、パスワード、アカウント、デバイス、個人情報、およびオンラインアクティビティを保護するための基本的な慣行を適用します。,286,286,286,286,NULL,NULL
38,10,Intermediate,中級,"Strengthen cybersecurity awareness by recognizing suspicious activities, improving account protection, understanding privacy risks, and applying safer digital habits in everyday situations.",疑わしい活動を認識し、アカウント保護を改善し、プライバシーリスクを理解し、日常の状況でより安全なデジタル習慣を適用することによ,"Learn how to recognize common digital threats, strengthen account protection, improve privacy habits, and make safer decisions when using online services and devices.",オンラインサービスやデバイスを使用する際に、一般的なデジタル脅威を認識し、アカウント保護を強化し、プライバシー習慣を改善し、より安全な意思決定を行う方法について説明します。,"Improve digital security by identifying suspicious activity, strengthening account protection, understanding privacy risks, and applying safer online habits.",疑わしい活動を特定し、アカウント保護を強化し、プライバシーリスクを理解し、より安全なオンライン習慣を適用することにより、デジタルセキュ,496,496,496,496,NULL,NULL
39,10,Advanced,アドバンスド,"Develop stronger cybersecurity knowledge by understanding common security threats, evaluating digital risks, improving protection practices, and responding thoughtfully to different online situations.",一般的なセキュリティ脅威を理解し、デジタルリスクを評価し、保護慣行を改善し、さまざまなオンライン状況に慎重に対応することにより、より強力なサイバーセキュリティ知識を開発します。,"Explore advanced cybersecurity concepts by understanding different security risks, evaluating threats, improving protection practices, and responding appropriately to common digital security situations.",さまざまなセキュリティリスクを理解し、脅威を評価し、保護慣行を改善し、一般的なデジタルセキュリティ状況に適切に対応することにより、高度なサイバーセキュリティの概念を探ります。,"Evaluate common cybersecurity risks, improve protection practices, recognize different threats, and respond appropriately to a range of digital security situations.",一般的なサイバーセキュリティリスクを評価し、保護慣行を改善し、さまざまな脅威を認識し、さまざまなデジタルセキュリティ状況に適切に対応します。,665,665,665,665,NULL,NULL
40,10,Expert,専門家,"Build an independent cybersecurity mindset by applying practical security principles, identifying potential risks, protecting information, and making safer decisions across different digital environments.",実践的なセキュリティ原則を適用し、潜在的なリスクを特定し、情報を保護し、さまざまなデジタル環境でより安全な意思決定を行うことにより、独立したサイバーセキュリティの考え方を構築します。,"Learn how to independently apply cybersecurity principles by identifying risks, protecting accounts and information, reviewing security practices, and making safer decisions across different digital environments.",リスクを特定し、アカウントと情報を保護し、セキュリティ慣行を見直し、さまざまなデジタル環境でより安全な意思決定を行うことにより、サイバーセキュリティの原則を独自に適用する方法について説明します。,"Independently apply cybersecurity principles by identifying risks, protecting accounts and information, reviewing security practices, and making safer decisions across digital environments.",リスクを特定し、アカウントと情報を保護し、セキュリティ慣行を見直し、デジタル環境全体でより安全な意思決定を行うことにより、サイバーセキュリティの原則を独自に適用します。,1096,1096,1096,1096,NULL,NULL
41,11,Beginner,ビギナー,"Build foundational creative writing skills by learning how to develop ideas, organize simple stories, use descriptions, create characters, write dialogue, and express thoughts clearly.",アイデアを開発し、簡単な物語を整理し、説明を使用し、文字を作成し、対話を書き、明確に思考を表現する方法を学ぶことによって、基礎的な創造的な,"Digital Illustration Basics introduces learners to the fundamentals of digital artwork, including brushes, layers, shapes, colors, linework, composition, shading, and basic rendering techniques.",デジタルイラストの基本ブラシ、レイヤー、形、色、線画、構図、シェーディング、基本的なレンダリング技術など、デジタルアートワークの基礎を学習者に紹介します。,"Create polished digital illustrations using stronger brush control, layer organization, color choices, shading, composition, and rendering techniques.",より強力なブラシコントロール、レイヤー構成、色の選択、シェーディング、コンポジション、およびレンダリング技術を使用して、洗練されたデジタルイラストレーションを作成します。,245,245,245,245,NULL,NULL
42,11,Intermediate,中級,"Strengthen writing abilities through improved character development, descriptive writing, dialogue, story structure, pacing, and creative expression while developing greater confidence in written communication.",文字の開発、記述的な書き込み、対話、ストーリー構造、ペーシング、および創造的な表現の改善を通じて書き込み能力を強化しながら、書かれたコミュニケーシ,"Digital Illustration Basics covers stronger digital drawing workflows, including brush control, layer organization, color choices, shading, composition, and combining techniques to create cleaner and more expressive artwork.",デジタルイラストの基本は、ブラシコントロール、レイヤー構成、色の選択、シェーディング、構図、およびよりクリーンで表現力豊かなアートワークを作成するた,"Apply advanced digital illustration techniques, including refined linework, lighting, color relationships, detailed shading, composition, and controlled rendering.",洗練された線画、照明、色の関係、詳細なシェーディング、構図、制御されたレンダリングなど、高度なデジタルイラストテクニックを適用します。,439,439,439,439,NULL,NULL
43,11,Advanced,アドバンスド,"Develop advanced storytelling skills through layered characters, stronger narrative structure, meaningful dialogue, atmosphere, pacing, descriptive detail, and thoughtful creative choices.",階層化されたキャラクター、より強力な物語の構造、意味のある対話、雰囲気、ペーシング、説明的な詳細、思慮深い創造的な選択を通じて、高度なストーリーテリングスキルを開発します。,"Digital Illustration Basics explores advanced digital illustration techniques such as refined linework, complex shading, lighting, color relationships, composition, rendering, and detailed artwork development.",Digital Illustration Basics洗練された線画、複雑な陰影、照明、色の関係、構図、レンダリング、詳細なアートワークの開発など、高度なデジタルイラスト技術を探求します。,"Develop an independent digital illustration style by combining advanced drawing, rendering, lighting, color, composition, and visual storytelling techniques.",高度な描画、レンダリング、照明、色、構成、および視覚的なストーリーテリング技術を組み合わせることにより、独立したデジタルイラストスタイルを開発します。,751,751,751,751,NULL,NULL
44,11,Expert,専門家,"Develop an individual writing style by combining storytelling, character development, description, dialogue, structure, pacing, and creative voice while independently planning, writing, and revising original work.",オリジナル作品を独自に企画、執筆、改訂しながら、ストーリーテリング、キャラクター開発、説明、対話、構造、ペーシング、創造的な声を組み合わせて、個々のライティングスタイ,"Digital Illustration Basics focuses on developing an independent digital illustration workflow by combining advanced drawing, rendering, composition, lighting, color, and visual storytelling techniques.",Digital Illustration Basicsは、高度な描画、レンダリング、構成、照明、色、視覚的なストーリーテリング技術を組み合わせることにより、独立したデジタルイラストワークフローの開発に焦点を当てています。,"Create balanced and effective graphic designs using typography, color, composition, spacing, alignment, hierarchy, contrast, and layout principles.",タイポグラフィ、色、構図、間隔、配置、階層、コントラスト、レイアウトの原則を使用して、バランスのとれた効果的なグラフィックデザインを作成します。,1026,1026,1026,1026,NULL,NULL
45,12,Beginner,ビギナー,"Learn essential money-management skills by understanding budgeting, saving, spending, financial goals, basic planning, and everyday financial decisions.",予算編成、貯蓄、支出、財務目標、基本計画、日常の財務上の意思決定を理解することによって、本質的なお金管理スキルを学びます。,"Graphic Design Fundamentals introduces learners to typography, color, composition, spacing, alignment, hierarchy, contrast, and layout while explaining how these elements work together in visual communication.",グラフィックデザインの基礎では、タイポグラフィ、色、構成、間隔、配置、階層、コントラスト、レイアウトを学習者に紹介し、これらの要素がビジュアルコミュニケーションでどのように連携するかを説明します。,"Develop consistent visual designs by applying stronger typography systems, color choices, balanced layouts, spacing, hierarchy, and organized visual communication.",より強力なタイポグラフィシステム、色の選択、バランスの取れたレイアウト、間隔、階層、および組織化されたビジュアルコミュニケーショ,167,167,167,167,NULL,NULL
46,12,Intermediate,中級,"Improve money-management habits by practicing budgeting, saving strategies, spending awareness, financial goals, and practical planning for short-term and longer-term needs.",予算編成、貯蓄戦略、支出意識、財務目標、および短期および長期的なニーズのための実用的な計画を実践することにより、お金管理の習慣を改善します。,"Graphic Design Fundamentals explores stronger design practices through typography systems, color choices, balanced layouts, spacing, hierarchy, alignment, and consistent visual organization across different creative projects.",グラフィックデザインの基礎タイポグラフィーシステム、色の選択、バランスの取れたレイアウト、間隔、階層、配置、およびさまざまなクリエイティブプロ,"Create polished design solutions using advanced layouts, typography systems, visual hierarchy, composition, consistency, and audience-focused communication.",高度なレイアウト、タイポグラフィシステム、視覚的階層、構成、一貫性、および視聴者に焦点を当てたコミュニケーションを使用して、洗練されたデザイ,372,372,372,372,NULL,NULL
47,12,Advanced,アドバンスド,"Develop stronger financial planning skills through detailed budgeting, spending analysis, saving strategies, goal setting, and thoughtful decision-making across different everyday situations.",詳細な予算編成、支出分析、保存戦略、目標設定、およびさまざまな日常の状況全体で思慮深い意思決定を通じて、より強力な財務計画スキルを開発します。,"Graphic Design Fundamentals covers advanced design principles, including complex layouts, visual hierarchy, typography systems, composition, consistency, audience-focused communication, and thoughtful design decision-making.",グラフィックデザインの基礎は、複雑なレイアウト、視覚的な階層、タイポグラフィーシステム、構成、一貫性、視聴者に焦点を当てたコミュニケーション、思慮深いデザインの意思決定など、高度なデザインの原則をカバーしています。,"Develop an independent graphic design approach by combining typography, color, composition, hierarchy, layout, spacing, and visual communication principles across different projects.",異なるプロジェクト間でタイポグラフィ、色、構成、階層、レイアウト、間隔、および視覚的コミュニケーションの原則を組み合わせることによ,689,689,689,689,NULL,NULL
48,12,Expert,専門家,"Build an independent approach to managing personal finances by combining budgeting, saving, planning, spending awareness, financial goals, and adaptable money-management habits.",予算編成、貯蓄、計画、支出意識、財務目標、および適応可能なお金管理の習慣を組み合わせることにより、個人の財政を管理するための独立したアプロー,"Graphic Design Fundamentals develops an independent design approach by combining typography, color, composition, hierarchy, layout, spacing, and visual communication principles across different project requirements.",グラフィックデザインの基礎タイポグラフィ、色、構成、階層、レイアウト、間隔、および視覚的コミュニケーションの原則を異なるプロジェクト要件間で組み合わせることによって、独立したデザインアプローチを開発します。,"Create stronger photographs by applying composition, framing, lighting, focus, perspective, timing, and visual storytelling techniques.",構図、フレーミング、照明、フォーカス、遠近法、タイミング、視覚的なストーリーテリング技術を適用することで、より強力な写真を作成します。,1062,1062,1062,1062,NULL,NULL
49,13,Beginner,ビギナー,"Learn essential cooking skills through ingredient preparation, kitchen tools, basic cooking methods, seasoning, timing, and simple meal preparation techniques.",食材の準備、キッチンツール、基本的な調理方法、調味料、タイミング、簡単な食事の準備技術を通じて、本質的な調理スキルを学びます。,"Photography Essentials introduces learners to composition, framing, lighting, focus, perspective, timing, and visual storytelling while developing basic skills for creating clearer and more thoughtful photographs.",Photography Essentialsは、より明確で思慮深い写真を作成するための基本的なスキルを開発しながら、構成、フレーミング、照明、焦点、視点、タイミング、視覚的なストーリーテリング,"Produce more intentional photographs by controlling lighting, composition, framing, perspective, focus, timing, and subject placement across different environments.",照明、構図、フレーミング、遠近法、フォーカス、タイミング、被写体の配置をさまざまな環境で制御することで、より意図的な写真を制作します。,278,278,278,278,NULL,NULL
50,13,Intermediate,中級,"Strengthen everyday cooking abilities by improving preparation, seasoning, timing, ingredient handling, cooking methods, and meal organization while preparing a wider range of simple meals.",簡単な食事の広い範囲を準備しながら、準備、調味料、タイミング、食材の取り扱い、調理方法、食事の編成を改善することにより、日常の調理能力を強化します。,"Photography Essentials explores stronger photographic techniques through lighting, composition, framing, perspective, focus, timing, subject placement, and intentional creative decision-making in different environments.",Photography Essentialsは、照明、構成、フレーミング、遠近法、フォーカス、タイミング、被写体の配置、および異なる環境での意図的な創造的な意思決定を通じて、より強力な写真技術,"Create more sophisticated photographs by applying advanced lighting, composition, perspective, timing, visual storytelling, and creative control with different subjects.",高度な照明、組成物、遠近法、タイミング、視覚的なストーリーテリング、および異なる被写体との創造的な制御を適用することにより、より洗練された写真を作成します。,461,461,461,461,NULL,NULL
51,13,Advanced,アドバンスド,"Develop more advanced cooking skills through improved preparation, cooking control, seasoning, timing, presentation, and the ability to combine different cooking methods effectively.",改善された準備、調理制御、調味料、タイミング、プレゼンテーション、および効果的に異なる調理方法を組み合わせる能力を通じて、より高度な調理スキル,"Photography Essentials covers advanced photography concepts involving complex lighting, composition, perspective, timing, visual storytelling, and creative control while working with different subjects and environments.",Photography Essentialsは、さまざまな被写体や環境で作業しながら、複雑な照明、構図、遠近法、タイミング、視覚的なストーリーテリング、創造的な制御を含む高度な写真の概念,"Develop an individual photographic style by combining advanced composition, lighting, perspective, timing, subject selection, and visual storytelling techniques.",高度な構図、照明、遠近法、タイミング、被写体の選択、視覚的なストーリーテリング技術を組み合わせて、個々の写真スタイルを開発します。,774,774,774,774,NULL,NULL
52,13,Expert,専門家,"Build an independent cooking approach by combining preparation, seasoning, timing, cooking methods, organization, and presentation while planning and preparing complete everyday meals.",完全な毎日の食事を計画し、準備している間準備、乾燥、タイミング、調理方法、構成および提示を結合することによって独立した調理のアプローチを,"Photography Essentials focuses on developing an independent photographic style by combining advanced composition, lighting, perspective, timing, subject selection, and visual storytelling techniques.",Photography Essentialsは、高度な構図、照明、遠近法、タイミング、被写体の選択、視覚的なストーリーテリング技術を組み合わせることにより、独立した写真スタイルの開発に焦点,"Create organized videos by trimming footage, arranging scenes, applying transitions, controlling timing, managing audio, and making basic visual adjustments.",映像のトリミング、シーンの配置、トランジションの適用、タイミングの制御、オーディオの管理、基本的な視覚的調整を行うことで、整理されたビデオを作成します。,995,995,995,995,NULL,NULL
53,14,Beginner,ビギナー,"Learn the fundamentals of effective travel planning through destination research, transportation, accommodation, budgeting, packing, scheduling, and basic trip preparation.",目的地の調査、輸送、宿泊施設、予算編成、梱包、スケジューリング、および基本的な旅行の準備を通じて、効果的な旅行計画の基礎を学びます。,"Video Editing Basics introduces learners to importing footage, trimming clips, arranging scenes, transitions, timing, audio, basic visual adjustments, and organizing simple video projects.",ビデオ編集の基本フッテージのインポート、クリップのトリミング、シーンの配置、トランジション、タイミング、オーディオ、基本的な視覚的調整、簡単なビデオプロジェクトの整理について学習者に紹介します。,"Produce smoother and more engaging videos by improving clip organization, pacing, transitions, audio, scene arrangement, and visual adjustments.",クリップの編成、ペーシング、トランジション、オーディオ、シーンの配置、視覚的な調整を改善することにより、よりスムーズで魅力的なビデオを生成します。,219,219,219,219,NULL,NULL
54,14,Intermediate,中級,"Strengthen travel planning skills by comparing destinations, managing budgets, choosing transportation and accommodation, organizing itineraries, preparing luggage, and adapting plans to practical needs.",目的地を比較し、予算を管理し、交通機関と宿泊施設を選択し、旅程を整理し、荷物を準備し、実用的なニーズに計画を適応させることにより、旅行計画スキ,"Video Editing Basics explores stronger editing workflows through clip organization, pacing, transitions, audio control, scene arrangement, and visual adjustments for different types of video projects.",ビデオ編集の基本クリップの編成、ペーシング、トランジション、オーディオコントロール、シーンの配置、さまざまな種類のビデオプロジェクトの視覚的な調整を通じて、より強力な編集ワークフローを探ります。,"Create polished video projects by applying advanced pacing, storytelling structure, audio organization, transitions, visual adjustments, and efficient editing workflows.",高度なペーシング、ストーリーテリング構造、オーディオ編成、トランジション、視覚的調整、効率的な編集ワークフローを適用することで、洗練されたビデオプロジェ,403,403,403,403,NULL,NULL
55,14,Advanced,アドバンスド,"Develop advanced travel planning abilities through detailed itineraries, budget management, destination research, transportation coordination, accommodation planning, scheduling, and contingency preparation.",詳細な旅程、予算管理、目的地の調査、輸送調整、宿泊計画、スケジューリング、および不測の事態の準備を通じて、高度な旅行計画能力を開発します。,"Video Editing Basics covers advanced editing techniques including detailed pacing, storytelling structure, audio organization, transitions, visual adjustments, and efficient workflows for more polished video projects.",ビデオ編集の基本は、詳細なペーシング、ストーリーテリング構造、オーディオ編成、トランジション、視覚的調整、より洗練されたビデオプロジェクトのための効率的なワークフローなどの高度な編集技術をカバーしています。,"Develop an independent video editing approach by combining storytelling, pacing, audio, transitions, visual adjustments, and project organization.",ストーリーテリング、ペーシング、オーディオ、トランジション、ビジュアル調整、プロジェクト編成を組み合わせて、独立したビデオ編集アプローチを開発します。,707,707,707,707,NULL,NULL
56,14,Expert,専門家,"Build an independent travel planning approach by combining research, budgeting, scheduling, transportation, accommodation, preparation, and flexible decision-making for different trips.",異なる旅行のための研究、予算編成、スケジューリング、輸送、宿泊施設、準備、および柔軟な意思決定を組み合わせることにより、独立した旅行計画アプロー,"Video Editing Basics develops an independent editing approach by combining storytelling, pacing, audio, transitions, visual adjustments, and project organization while completing more structured video projects.",ビデオ編集の基本ストーリーテリング、ペーシング、オーディオ、トランジション、ビジュアル調整、プロジェクト編成を組み合わせて、より構造化されたビデオプロジェクトを完了することにより、独立した編集アプローチを開発します。,"Develop creative writing pieces using ideas, structure, description, characters, dialogue, and storytelling techniques to express thoughts clearly and creatively.",思考をはっきりそして創造的に表現するために考え、構造、記述、特性、ダイアログおよび物語の技術を使用して創造的な執筆部分を開発しなさい。,1082,1082,1082,1082,NULL,NULL
57,15,Beginner,ビギナー,"Learn practical productivity skills through task organization, goal setting, prioritization, scheduling, planning, and simple routines for managing everyday responsibilities.",タスク編成、目標設定、優先順位付け、スケジューリング、計画、および日常の責任を管理するための簡単なルーチンを通じて実用的な生産性スキルを学,"Creative Writing Skills introduces learners to ideas, structure, description, characters, dialogue, and storytelling while practicing how to turn simple concepts into organized creative writing.",クリエイティブライティングスキルは、アイデア、構造、説明、文字、対話、ストーリーテリングに学習者を紹介しながら、簡単な概念を組織化されたクリエイティ,"Write more engaging creative pieces by improving character development, descriptive writing, dialogue, story structure, pacing, and creative expression.",キャラクターの発達、説明的な文章、対話、ストーリー構造、ペーシング、創造的な表現を改善することによって、より魅力的な創造的な作品を書く。,253,253,253,253,NULL,NULL
58,15,Intermediate,中級,"Strengthen organization and time-management habits by practicing prioritization, scheduling, goal setting, task planning, routines, and practical workflow techniques.",優先順位付け、スケジューリング、目標設定、タスク計画、ルーチン、および実用的なワークフロー技術を実践することにより、組織と時間管理の習慣を強化します。,"Creative Writing Skills explores stronger writing techniques through character development, descriptive writing, dialogue, story structure, pacing, creative expression, and improving the clarity and flow of written work.",創造的な執筆技術は特性の開発、記述的な執筆、ダイアログ、物語の構造、速度を計ること、創造的な表現、および書かれた仕事の明快さそして流れを改善,"Create more complex stories using layered characters, stronger narrative structure, meaningful dialogue, atmosphere, pacing, descriptive detail, and distinctive voice.",階層化された文字、強力な物語の構造、意味のある対話、雰囲気、ペーシング、説明的な詳細、および独特の声を使用して、より複雑な物語を作成します。,489,489,489,489,NULL,NULL
59,15,Advanced,アドバンスド,"Develop advanced productivity skills through structured planning, priority management, goal tracking, workflow organization, routines, and strategies for handling competing responsibilities.",構造化計画、優先度管理、目標追跡、ワークフロー組織、ルーチン、および競合する責任を処理するための戦略を通じて、高度な生産性スキルを開発します。,"Creative Writing Skills covers advanced storytelling techniques including layered characters, narrative structure, meaningful dialogue, pacing, atmosphere, descriptive detail, voice, and more complex creative development.",クリエイティブライティングスキルは、階層化された文字、物語の構造、意味のある対話、ペーシング、雰囲気、説明的な詳細、音声、およびより複雑な創造的な開発を含む高度なストーリーテリング技術をカバーしています。,"Develop an individual writing style by combining storytelling, character development, description, dialogue, structure, pacing, revision, and creative voice.",ストーリーテリング、キャラクターの開発、説明、対話、構造、ペーシング、リビジョン、および創造的な声を組み合わせることにより、個々の文体を開発します。,766,766,766,766,NULL,NULL
60,15,Expert,専門家,"Build an independent productivity system by combining planning, prioritization, goal setting, routines, organization, and flexible time-management techniques for changing personal and professional needs.",個人的な、専門の必要性を変えるための計画、優先順位付け、目的の設定、ルーチン、構成および適用範囲が広い時間管理の技術の結合によって独立した生産,"Creative Writing Skills focuses on developing an independent writing style by combining storytelling, character development, description, dialogue, structure, pacing, revision, and creative voice.",クリエイティブライティングスキルは、ストーリーテリング、キャラクター開発、説明、対話、構造、ペーシング、改訂、および創造的な声を組み合わせることによ,"Improve creative writing projects by combining multiple storytelling techniques, refining structure, strengthening character development, and revising written work for clearer and more engaging results.",複数のストーリーテリング技術を組み合わせ、構造を洗練し、キャラクター開発を強化し、より明確で魅力的な結果のために書かれた作品を改訂するこ,958,958,958,958,NULL,NULL
61,16,Beginner,ビギナー,"Learn practical mindfulness and everyday wellness skills by exploring simple habits for awareness, relaxation, focus, balanced routines, and positive daily experiences.",意識、弛緩、焦点、釣り合ったルーチンおよび肯定的な毎日の経験のための簡単な習慣の探検によって実用的なmindfulnessおよび毎日の健康技術を学びなさい。,"Understand essential personal finance concepts, including budgeting, saving, spending, financial goals, basic planning, and making thoughtful everyday money decisions.",予算編成、貯蓄、支出、財務目標、基本計画、および思慮深い毎日のお金の意思決定を含む本質的な個人的な財政の概念を、理解しています。,"Understand essential personal finance concepts by learning budgeting, saving, spending, financial goals, basic planning, and thoughtful everyday money decisions.",予算編成、貯蓄、支出、財務目標、基本的な計画、および思慮深い毎日のお金の決定を学ぶことによって、本質的な個人的な財政の概念を理解しています。,194,194,194,194,NULL,NULL
62,16,Intermediate,中級,"Strengthen everyday wellness habits through mindfulness exercises, self-awareness, relaxation techniques, healthy routines, focused attention, and practical approaches to maintaining balance.",マインドフルネスエクササイズ、自己認識、リラクゼーションテクニック、健康的なルーチン、集中的な注意、バランスを維持するための実践的なアプローチを通じ、毎日のウェルネス習慣を強化します。,"Improve money-management skills through budgeting, saving strategies, spending awareness, financial goals, and practical planning for short-term and longer-term financial needs.",予算編成、貯蓄戦略、支出意識、財務目標、および短期および長期的な財務ニーズのための実践的な計画を通じて、資金管理スキルを向上させます。,"Improve personal money management by creating practical budgets, tracking spending, setting financial goals, developing saving habits, and making more informed financial choices.",実用的な予算を作成し、支出を追跡し、財務目標を設定し、貯蓄習慣を開発し、より多くの情報に基づいた財務上の選択を行うことにより、個人的なお金の管理を向上させます。,426,426,426,426,NULL,NULL
63,16,Advanced,アドバンスド,"Develop advanced mindfulness and wellness practices by exploring deeper self-awareness, relaxation, attention, routine building, reflection, and thoughtful approaches to managing everyday challenges.",より深い自己認識、リラクゼーション、注意、日常の建物、反射、および日常の課題を管理するための思慮深いアプローチを探索することにより、高度なマインドフルネスとウェルネスの実践を開発します。,"Explore advanced personal finance topics such as detailed budgeting, spending analysis, saving strategies, financial planning, goal setting, and evaluating different financial situations.",詳細な予算編成、支出分析、貯蓄戦略、財務計画、目標設定、さまざまな財務状況の評価など、高度な個人財務のトピックを探索します。,"Apply advanced personal finance skills by analyzing spending patterns, planning budgets, managing financial goals, and evaluating different everyday financial situations.",支出パターンを分析し、予算を計画し、財務目標を管理し、さまざまな日常の財務状況を評価することにより、高度な個人財務スキルを適用します。,681,681,681,681,NULL,NULL
64,16,Expert,専門家,"Build an independent approach to everyday wellness by combining mindfulness, self-awareness, relaxation, focused attention, balanced routines, and practical habits that can support a more intentional lifestyle.",マインドフルネス、自己認識、リラクゼーション、集中的な注意、バランスの取れたルーチン、およびより意図的なライフスタイルをサポートすることができ、実用的な習慣を組み合わせることにより、日常のウェルネスへの独立したアプローチを構築します。,"Develop an independent approach to managing personal finances by combining budgeting, saving, planning, spending awareness, financial goals, and adaptable money-management habits.",予算編成、貯蓄、計画、支出意識、財務目標、および適応可能なお金管理の習慣を組み合わせることにより、個人の財政を管理するための独立したアプロー,"Develop an independent approach to personal finance by combining budgeting, saving, spending awareness, financial planning, goal setting, and adaptable money-management habits.",予算編成、貯蓄、支出意識、財務計画、目標設定、および適応可能なお金管理の習慣を組み合わせることにより、個人的な財政への独立したアプローチを開,1041,1041,1041,1041,NULL,NULL
65,17,Beginner,ビギナー,"Build practical English speaking and listening skills for everyday conversations by learning useful vocabulary, common expressions, sentence patterns, pronunciation, and simple communication techniques.",有用な語彙、一般的な表現、文のパターン、発音、および簡単なコミュニケーション技術を学ぶことによって、日常会話のための実用的な英語を話すとリス,"Understand essential cooking techniques, ingredient preparation, kitchen tools, seasoning, timing, and simple meal preparation while building confidence with everyday kitchen tasks.",毎日の台所仕事の信任を造っている間必要な調理の技術、原料の準備、台所用具、乾燥、タイミング、および簡単な食事の準備を理解しなさい。,"Prepare simple everyday meals by using basic cooking techniques, preparing ingredients, handling kitchen tools, applying seasoning, and managing cooking time.",基本的な調理技術を使用して、食材を準備し、キッチンツールを処理し、調味料を適用し、調理時間を管理することにより、簡単な日常の食事を準備します。,271,271,271,271,NULL,NULL
66,17,Intermediate,中級,"Improve English communication through more detailed conversation practice, stronger vocabulary, clearer pronunciation, natural expressions, and better responses across different everyday situations.",より詳細な会話の練習、より強い語彙、より明確な発音、自然な表現、および異なる日常の状況にわたってより良い応答を通じて英語のコミュニケーシ,"Learn stronger cooking techniques through improved preparation, seasoning, ingredient handling, timing, cooking methods, and meal organization for a wider range of everyday meals.",より広い範囲の日常の食事のための改善された準備、調味料、成分の取り扱い、タイミング、調理方法、および食事構成を通じて、より強力な調理技術を学,"Prepare a wider range of everyday meals by combining stronger preparation, seasoning, ingredient handling, cooking methods, timing, and meal organization skills.",より強力な準備、調味料、食材の取り扱い、調理方法、タイミング、食事の組織スキルを組み合わせることにより、より広い範囲の日常の食事を準備します。,357,357,357,357,NULL,NULL
67,17,Advanced,アドバンスド,"Develop advanced English communication skills through more complex conversations, stronger listening, detailed vocabulary, natural expressions, and confident communication across varied situations.",より複雑な会話、より強いリスニング、詳細な語彙、自然な表現、様々な状況にわたって自信を持ってコミュニケーションを通じて、高度な英語のコミュ,"Explore advanced cooking techniques involving preparation, cooking control, seasoning, timing, presentation, and combining multiple cooking methods to prepare more detailed meals.",準備、調理制御、調味料、タイミング、プレゼンテーション、およびより詳細な食事を準備するために複数の調理方法を組み合わせることを含む高度な調理,"Apply advanced cooking techniques by managing preparation, cooking control, seasoning, timing, presentation, and multiple cooking methods to prepare more detailed meals.",より詳細な食事を準備するために、準備、調理制御、調味料、タイミング、提示、および複数の調理方法を管理することにより、高度な調理技術を適用します。,745,745,745,745,NULL,NULL
68,17,Expert,専門家,"Develop an independent English communication style by combining advanced speaking, listening, vocabulary, pronunciation, conversation structure, and adaptable communication techniques.",高度なスピーキング、リスニング、語彙、発音、会話構造、適応可能なコミュニケーション技術を組み合わせることにより、独立した英語のコミュ,"Develop an independent cooking approach by combining preparation, seasoning, timing, cooking methods, organization, and presentation while planning and preparing complete meals.",完全な食事を計画し、準備している間準備、乾燥、タイミング、調理方法、構成および提示を結合することによって独立した調理のアプローチを開発しなさい。,"Plan and prepare complete meals independently by combining ingredient preparation, cooking methods, seasoning, timing, organization, and presentation skills.",食材の準備、調理方法、調味料、タイミング、組織、プレゼンテーションスキルを組み合わせて、完全な食事を独自に計画し、準備します。,1018,1018,1018,1018,NULL,NULL
69,18,Beginner,ビギナー,"Build practical Japanese language skills for everyday situations by learning useful vocabulary, greetings, expressions, sentence patterns, numbers, directions, and simple conversations.",有用な語彙、挨拶、表現、文のパターン、数字、方向、簡単な会話を学ぶことによって、日常の状況のための実用的な日本語スキルを構築します。,"Understand the basic steps involved in effective travel planning, including destination research, transportation, accommodation, budgeting, packing, scheduling, and trip preparation.",目的地の調査、輸送、宿泊施設、予算編成、梱包、スケジューリング、旅行の準備など、効果的な旅行計画に関わる基本的な手順を理解します。,"Create simple travel plans by researching destinations, organizing transportation and accommodation, estimating budgets, preparing packing lists, and arranging basic schedules.",目的地を調査し、交通機関や宿泊施設を整理し、予算を推定し、梱包リストを準備し、基本的なスケジュールを配置することにより、簡単な旅行計画を作成,232,232,232,232,NULL,NULL
70,18,Intermediate,中級,"Improve Japanese communication by practicing longer conversations, expanded vocabulary, useful grammar patterns, listening skills, and natural expressions for different everyday situations.",より長い会話、語彙の拡大、有用な文法パターン、リスニングスキル、さまざまな日常の状況のための自然な表現を練習することにより、日本語のコミュ,"Learn how to compare destinations, manage travel budgets, choose transportation and accommodation, organize itineraries, prepare for trips, and adjust plans to practical needs.",目的地を比較し、旅行予算を管理し、交通機関と宿泊施設を選択し、旅程を整理し、旅行の準備をし、実用的なニーズに合わせて計画を調整する方法を学びま,"Create more detailed and flexible travel plans by comparing destinations, managing budgets, selecting transportation and accommodation, organizing itineraries, and preparing for practical needs.",目的地を比較し、予算を管理し、交通機関と宿泊施設を選択し、旅程を整理し、実用的なニーズに備えて、より詳細で柔軟な旅行計画を作成します。,474,474,474,474,NULL,NULL
71,18,Advanced,アドバンスド,"Develop advanced Japanese communication skills through more detailed conversations, stronger grammar, broader vocabulary, listening practice, and appropriate expressions for different social situations.",より詳細な会話、より強い文法、より広い語彙、リスニングの練習、さまざまな社会的状況に応じた適切な表現を通じて、高度な日本語コミュニケーションスキルを開発します。,"Explore advanced travel planning through detailed itineraries, budget management, destination research, transportation coordination, accommodation planning, scheduling, and contingency preparation.",詳細な旅程、予算管理、目的地の調査、交通機関の調整、宿泊施設の計画、スケジューリング、および緊急時の準備を通じて、高度な旅行計画を探ります。,"Manage complex travel planning by creating detailed itineraries, coordinating transportation and accommodation, managing budgets, researching destinations, and preparing alternative arrangements.",詳細な旅程を作成し、交通機関と宿泊施設を調整し、予算を管理し、目的地を調査し、代替手配を準備することにより、複雑な旅行計画を管理します。,798,798,798,798,NULL,NULL
72,18,Expert,専門家,"Develop an independent Japanese communication approach by combining advanced vocabulary, grammar, listening, speaking, cultural awareness, and adaptable conversation skills.",高度な語彙、文法、リスニング、スピーキング、文化的意識、適応可能な会話スキルを組み合わせて、独立した日本語のコミュニケーショ,"Develop an independent travel planning approach by combining research, budgeting, scheduling, transportation, accommodation, preparation, and flexible decision-making for different destinations and travel situations.",研究、予算編成、スケジューリング、輸送、宿泊施設、準備、および異なる目的地や旅行の状況のための柔軟な意思決定を組み合わせることにより、独立した旅行計画のアプローチを開発します。,"Independently organize complete travel plans by combining research, budgeting, scheduling, transportation, accommodation, preparation, and flexible decision-making.",研究、予算編成、スケジューリング、輸送、宿泊施設、準備、柔軟な意思決定を組み合わせることにより、完全な旅行計画を独立して整理します。,1076,1076,1076,1076,NULL,NULL
73,19,Beginner,ビギナー,"Build a strong foundation in Korean by learning essential vocabulary, pronunciation, greetings, basic grammar, sentence structures, and commonly used everyday expressions.",基本的な語彙、発音、挨拶、基本的な文法、文構造、一般的に使用される日常の表現を学ぶことによって、韓国語の強力な基盤を構築します。,"Understand essential productivity concepts such as task organization, goal setting, prioritization, scheduling, planning, routines, and managing everyday responsibilities.",タスクの編成、目標設定、優先順位付け、スケジューリング、計画、ルーチン、日常の責任の管理など、本質的な生産性の概念を理解します。,"Organize everyday responsibilities using basic productivity techniques such as task planning, prioritization, goal setting, scheduling, and simple routines.",タスク計画、優先順位付け、目標設定、スケジューリング、簡単なルーチンなどの基本的な生産性技術を使用して、日常の責任を整理します。,159,159,159,159,NULL,NULL
74,19,Intermediate,中級,"Improve Korean communication through expanded vocabulary, stronger grammar, pronunciation practice, listening activities, and longer conversations covering different everyday situations.",語彙の拡大、文法の強化、発音練習、リスニング活動、さまざまな日常生活をカバーする長い会話を通じて、韓国語のコミュニケーションを向上させます。,"Learn stronger productivity techniques through prioritization, scheduling, goal setting, task planning, routines, and practical workflow methods for managing multiple responsibilities.",優先順位付け、スケジューリング、目標設定、タスク計画、ルーチン、および複数の責任を管理するための実用的なワークフロー方法を通じて、より強力な生産性,"Improve productivity by managing priorities, creating realistic schedules, setting goals, organizing tasks, building routines, and using practical workflow techniques.",優先順位の管理、現実的なスケジュールの作成、目標の設定、タスクの整理、ルーチンの構築、実用的なワークフロー技術の使用により、生産性を向上させます。,412,412,412,412,NULL,NULL
75,19,Advanced,アドバンスド,"Develop advanced Korean language skills through more complex grammar, detailed vocabulary, natural expressions, listening practice, and confident communication across different contexts.",より複雑な文法、詳細な語彙、自然な表現、リスニング練習、および異なるコンテキスト間で自信を持ってコミュニケーションを通じて、高度な韓国語,"Explore advanced productivity approaches involving structured planning, priority management, goal tracking, workflow organization, routines, and strategies for handling competing responsibilities.",構造化計画、優先度管理、目標追跡、ワークフロー組織、ルーチン、および競合する責任を処理するための戦略を含む高度な生産性アプローチを探ります。,"Apply advanced productivity methods by managing competing priorities, tracking goals, refining workflows, organizing routines, and adjusting plans when circumstances change.",競合する優先順位の管理、目標の追跡、ワークフローの精緻化、ルーチンの整理、状況が変化したときの計画の調整によって、高度な生産性方法を適用します。,719,719,719,719,NULL,NULL
76,19,Expert,専門家,"Develop an independent Korean communication style by combining advanced grammar, vocabulary, pronunciation, listening, speaking, and adaptable conversation skills.",高度な文法、語彙、発音、リスニング、スピーキング、適応可能な会話スキルを組み合わせることにより、独立した韓国のコミュ,"Develop an independent productivity system by combining planning, prioritization, goal setting, routines, organization, and flexible time-management techniques for personal and professional needs.",個人的な、専門の必要性のための計画、優先順位付け、目的の設定、ルーチン、構成および適用範囲が広い時間管理の技術の結合によって独立した生産性シ,"Develop an independent productivity system by combining planning, prioritization, goal setting, routines, organization, and flexible time-management strategies.",計画、優先順位付け、目標設定、ルーチン、組織、および柔軟な時間管理戦略を組み合わせることにより、独立した生産性システムを開発します。,987,987,987,987,NULL,NULL
77,20,Beginner,ビギナー,"Build practical Thai language skills by learning essential vocabulary, pronunciation, greetings, useful phrases, and simple sentence patterns for everyday communication.",日常のコミュニケーションのための本質的な語彙、発音、挨拶、有用なフレーズ、および簡単な文のパターンを学習することにより、実用的なタイ語のスキル,"Understand simple mindfulness and wellness practices focused on awareness, relaxation, attention, balanced routines, reflection, and creating positive everyday habits.",意識、弛緩、注意、釣り合ったルーチン、反射、および肯定的な毎日の習慣の作成に焦点を合わせる簡単なマインドフルネスおよび健康練習を理解しなさい。,"Practice simple mindfulness and wellness techniques that support awareness, relaxation, focus, balanced routines, and positive everyday habits.",意識、弛緩、焦点、釣り合ったルーチンおよび肯定的な毎日の習慣を支える簡単なマインドフルネスおよび健康技術を練習しなさい。,264,264,264,264,NULL,NULL
78,20,Intermediate,中級,"Improve Thai communication through expanded vocabulary, clearer pronunciation, stronger sentence structures, listening practice, and practical conversations for common situations.",拡大語彙、明確な発音、強力な文構造、リスニング練習、一般的な状況のための実用的な会話を通じてタイのコミュニケーションを向上させます。,"Learn stronger wellness practices through mindfulness exercises, self-awareness, relaxation techniques, focused attention, healthy routines, and practical approaches to maintaining balance.",マインドフルネスエクササイズ、自己認識、リラクゼーションテクニック、集中的な注意、健康的なルーチン、バランスを維持するための実践的なアプローチ,"Build stronger wellness routines by practicing mindfulness, self-awareness, relaxation, focused attention, healthy routines, and practical approaches to maintaining balance.",マインドフルネス、自己認識、リラクゼーション、集中的な注意、健康的なルーチン、およびバランスを維持するための実用的なアプローチを練習すること,451,451,451,451,NULL,NULL
79,20,Advanced,アドバンスド,"Develop advanced Thai language skills through broader vocabulary, more complex sentence structures, natural expressions, listening skills, and confident communication in varied situations.",幅広い語彙、より複雑な文構造、自然な表現、リスニングスキル、様々な状況で自信を持ってコミュニケーションを通じて、高度なタイ語スキルを開発,"Explore advanced mindfulness and wellness practices through deeper self-awareness, reflection, relaxation, attention, routine building, and thoughtful approaches to everyday challenges.",より深い自己認識、反射、リラクゼーション、注意、ルーチンの構築、および日常の課題への思慮深いアプローチを通じて、高度なマインドフルネスとウェルネス,"Apply advanced mindfulness and wellness practices through deeper self-awareness, reflection, relaxation, attention, routine building, and thoughtful approaches to everyday challenges.",より深い自己認識、反射、弛緩、注意、定期的な建物および毎日の挑戦への思慮深いアプローチによって高度のマインドフルネスおよび健康練習を適用し,653,653,653,653,NULL,NULL
80,20,Expert,専門家,"Develop an independent Thai communication approach by combining advanced vocabulary, pronunciation, grammar, listening, speaking, and adaptable everyday conversation skills.",高度な語彙、発音、文法、リスニング、スピーキング、および適応可能な日常会話のスキルを組み合わせることにより、独立したタイのコミュ,"Develop an independent approach to everyday wellness by combining mindfulness, self-awareness, relaxation, focused attention, balanced routines, and practical habits for a more intentional lifestyle.",マインドフルネス、自己認識、リラクゼーション、集中的な注意、バランスの取れたルーチン、より意図的なライフスタイルのための実用的な習慣を組み合わせることによって、毎日のウェルネスへの独立したアプローチを開発します。,"Develop an independent approach to everyday wellness by combining mindfulness, self-awareness, relaxation, focused attention, balanced routines, and practical habits.",マインドフルネス、自己認識、リラクゼーション、集中的な注意、バランスの取れたルーチン、および実用的な習慣を組み合わせることにより、日常のウェルネスへの独立したアプローチを開発します。,1055,1055,1055,1055,NULL,NULL
81,21,Beginner,ビギナー,"Build practical business English skills by learning workplace vocabulary, professional expressions, emails, meetings, presentations, and clear communication for common work situations.",職場の語彙、専門的な表現、電子メール、会議、プレゼンテーション、一般的な仕事の状況のための明確なコミュニケーションを学ぶことによって、実用的なビ,"Learn the fundamentals of English conversation by practicing useful vocabulary, common expressions, sentence patterns, pronunciation, listening, and simple communication for everyday situations.",日常の場面で役立つ語彙、一般的な表現、文のパターン、発音、リスニング、簡単なコミュニケーションを練習することによって、英会話の基礎を学びます。,"Learn the fundamentals of English conversation by practicing useful vocabulary, common expressions, sentence patterns, pronunciation, listening, and simple communication for everyday situations.",日常の場面で役立つ語彙、一般的な表現、文のパターン、発音、リスニング、簡単なコミュニケーションを練習することによって、英会話の基礎を学びます。,208,208,208,208,NULL,NULL
82,21,Intermediate,中級,"Improve professional English communication by practicing workplace conversations, business vocabulary, email writing, meetings, presentations, and appropriate language for different professional situations.",職場での会話、ビジネス語彙、電子メールの書き込み、会議、プレゼンテーション、およびさまざまな専門的な状況のための適切な言語を練習することによ,"Strengthen English communication through longer conversations, broader vocabulary, clearer pronunciation, improved listening, natural expressions, and practical responses across different everyday situations.",より長い会話、より広い語彙、より明確な発音、改善されたリスニング、自然な表現、さまざまな日常の状況にわたる実践的な応答を通じて、英語のコミニュケーションを強化します。,"Strengthen English communication through longer conversations, broader vocabulary, clearer pronunciation, improved listening, natural expressions, and practical responses across different everyday situations.",より長い会話、より広い語彙、より明確な発音、改善されたリスニング、自然な表現、さまざまな日常の状況にわたる実践的な応答を通じて、英語のコミニュケーションを強化します。,385,385,385,385,NULL,NULL
83,21,Advanced,アドバンスド,"Develop advanced business English skills through complex workplace discussions, professional writing, presentations, negotiations, meetings, and adaptable communication across different business situations.",複雑な職場でのディスカッション、プロのライティング、プレゼンテーション、交渉、ミーティング、さまざまなビジネス状況にわたる適応可能なコミュ,"Develop advanced English communication skills through complex conversations, detailed vocabulary, stronger listening, natural expressions, and confident communication across social, travel, study, and workplace situations.",複雑な会話、詳細な語彙、より強いリスニング、自然な表現、社会、旅行、勉強、職場の状況にわたって自信を持ってコミュニケーションを通じて、高度な英語,"Develop advanced English communication skills through complex conversations, detailed vocabulary, stronger listening, natural expressions, and confident communication across social, travel, study, and workplace situations.",複雑な会話、詳細な語彙、より強いリスニング、自然な表現、社会、旅行、勉強、職場の状況にわたって自信を持ってコミュニケーションを通じて、高度な英語,731,731,731,731,NULL,NULL
84,21,Expert,専門家,"Develop an independent professional communication style by combining advanced vocabulary, workplace writing, presentations, meetings, professional conversations, and effective communication strategies.",高度な語彙、職場の執筆、プレゼンテーション、会議、専門的な会話、効果的なコミュニケーション戦略を組み合わせることにより、独立したプロのコミュ,"Build an independent English communication style by combining advanced speaking, listening, vocabulary, pronunciation, conversation structure, and adaptable communication skills for different situations.",高度なスピーキング、リスニング、語彙、発音、会話構造、さまざまな状況に適応可能なコミュニケーションスキルを組み合わせることにより、独立した英語,"Build an independent English communication style by combining advanced speaking, listening, vocabulary, pronunciation, conversation structure, and adaptable communication skills for different situations.",高度なスピーキング、リスニング、語彙、発音、会話構造、さまざまな状況に適応可能なコミュニケーションスキルを組み合わせることにより、独立した英語,1009,1009,1009,1009,NULL,NULL
85,22,Beginner,ビギナー,"Learn the fundamentals of digital marketing by understanding audiences, content, social media, search, online campaigns, basic analytics, and essential marketing concepts.",オーディエンス、コンテンツ、ソーシャルメディア、検索、オンラインキャンペーン、基本的な分析、および本質的なマーケティングの概念を理解することによ,"Learn practical Japanese for everyday situations by studying useful vocabulary, greetings, common expressions, sentence patterns, numbers, directions, and simple conversations.",便利な語彙、挨拶、一般的な表現、文のパターン、数字、方向、簡単な会話を勉強することによって、日常の状況のための実用的な日本語を学びます。,"Learn practical Japanese for everyday situations by studying useful vocabulary, greetings, common expressions, sentence patterns, numbers, directions, and simple conversations.",便利な語彙、挨拶、一般的な表現、文のパターン、数字、方向、簡単な会話を勉強することによって、日常の状況のための実用的な日本語を学びます。,283,283,283,283,NULL,NULL
86,22,Intermediate,中級,"Strengthen digital marketing skills by developing content ideas, understanding target audiences, planning campaigns, using different digital channels, and reviewing basic campaign performance.",コンテンツのアイデアの開発、ターゲットオーディエンスの理解、キャンペーンの計画、さまざまなデジタルチャネルの使用、基本的なキャンペー,"Improve Japanese communication through expanded vocabulary, stronger grammar patterns, listening practice, natural expressions, and longer conversations for different everyday situations.",語彙の拡大、文法パターンの強化、リスニング練習、自然な表現、さまざまな日常の状況のための長い会話を通じて、日本語のコミュニケーションを向上させ,"Improve Japanese communication through expanded vocabulary, stronger grammar patterns, listening practice, natural expressions, and longer conversations for different everyday situations.",語彙の拡大、文法パターンの強化、リスニング練習、自然な表現、さまざまな日常の状況のための長い会話を通じて、日本語のコミュニケーションを向上させ,468,468,468,468,NULL,NULL
87,22,Advanced,アドバンスド,"Develop advanced digital marketing skills through audience analysis, content strategy, campaign planning, channel selection, performance evaluation, and more structured marketing decisions.",オーディエンス分析、コンテンツ戦略、キャンペーン計画、チャネル選択、パフォーマンス評価、およびより構造化されたマーケティング意思決定を通じて、高度なデジタルマーケティングスキルを開発します。,"Develop advanced Japanese communication skills through more complex grammar, broader vocabulary, detailed conversations, listening practice, and appropriate expressions for different social and everyday contexts.",より複雑な文法、より広い語彙、詳細な会話、リスニング練習、さまざまな社会的および日常的な文脈のための適切な表現を通じて、高度な日本語のコミュ,"Develop advanced Japanese communication skills through more complex grammar, broader vocabulary, detailed conversations, listening practice, and appropriate expressions for different social and everyday contexts.",より複雑な文法、より広い語彙、詳細な会話、リスニング練習、さまざまな社会的および日常的な文脈のための適切な表現を通じて、高度な日本語のコミュ,776,776,776,776,NULL,NULL
88,22,Expert,専門家,"Build an independent digital marketing approach by combining audience research, strategic planning, content development, campaign management, performance analysis, and adaptable digital strategies.",オーディエンスリサーチ、戦略計画、コンテンツ開発、キャンペーン管理、パフォーマンス分析、適応可能なデジタル戦略を組み合わせて、独立したデジタルマーケティングアプローチを構築します。,"Build an independent Japanese communication approach by combining advanced vocabulary, grammar, listening, speaking, cultural awareness, and adaptable conversation skills.",高度な語彙、文法、リスニング、スピーキング、文化的意識、適応可能な会話スキルを組み合わせることにより、独立した日本のコミュ,"Build an independent Japanese communication approach by combining advanced vocabulary, grammar, listening, speaking, cultural awareness, and adaptable conversation skills.",高度な語彙、文法、リスニング、スピーキング、文化的意識、適応可能な会話スキルを組み合わせることにより、独立した日本のコミュ,1091,1091,1091,1091,NULL,NULL
89,23,Beginner,ビギナー,"Learn basic coding concepts such as variables, conditions, loops, functions, logical thinking, and simple problem-solving through practical programming exercises.",変数、条件、ループ、関数、論理的思考、単純な問題解決などの基本的なコーディングの概念を実践的なプログラミング演習を通して学びます。,"Learn the foundations of Korean through essential vocabulary, pronunciation, greetings, basic grammar, sentence structures, and commonly used everyday expressions.",基本的な語彙、発音、挨拶、基本的な文法、文構造、一般的に使用される日常の表現を通して韓国語の基礎を学びます。,"Learn the foundations of Korean through essential vocabulary, pronunciation, greetings, basic grammar, sentence structures, and commonly used everyday expressions.",基本的な語彙、発音、挨拶、基本的な文法、文構造、一般的に使用される日常の表現を通して韓国語の基礎を学びます。,176,176,176,176,NULL,NULL
90,23,Intermediate,中級,"Strengthen programming skills by working with structured code, debugging common issues, organizing programs, and applying coding concepts to practical problems.",構造化コードの操作、一般的な問題のデバッグ、プログラムの整理、実用的な問題へのコーディングの概念の適用により、プログラミングスキルを強化します。,"Strengthen Korean communication through expanded vocabulary, improved grammar, pronunciation practice, listening activities, and longer conversations covering different everyday situations.",語彙の拡大、文法の改善、発音練習、リスニング活動、さまざまな日常の状況をカバーする長い会話を通じて、韓国のコミュニケーションを強化します。,"Strengthen Korean communication through expanded vocabulary, improved grammar, pronunciation practice, listening activities, and longer conversations covering different everyday situations.",語彙の拡大、文法の改善、発音練習、リスニング活動、さまざまな日常の状況をカバーする長い会話を通じて、韓国のコミュニケーションを強化します。,399,399,399,399,NULL,NULL
91,23,Advanced,アドバンスド,"Develop advanced programming abilities by combining multiple concepts, improving code structure, solving more complex problems, debugging efficiently, and creating practical programs.",複数の概念を組み合わせ、コード構造を改善し、より複雑な問題を解決し、効率的にデバッグし、実用的なプログラムを作成することによ,"Develop advanced Korean skills through more complex grammar, broader vocabulary, natural expressions, stronger listening, and confident communication across different everyday contexts.",より複雑な文法、より広い語彙、自然な表現、より強いリスニング、異なる日常の文脈にわたって自信を持ってコミュニケーションを通じて、高度な韓国のスキルを開発します。,"Develop advanced Korean skills through more complex grammar, broader vocabulary, natural expressions, stronger listening, and confident communication across different everyday contexts.",より複雑な文法、より広い語彙、自然な表現、より強いリスニング、異なる日常の文脈にわたって自信を持ってコミュニケーションを通じて、高度な韓国のスキルを開発します。,692,692,692,692,NULL,NULL
92,23,Expert,専門家,"Build an independent coding approach by designing structured solutions, improving code quality, debugging effectively, and applying programming knowledge to larger practical projects.",構造化されたソリューションを設計し、コード品質を改善し、効果的にデバッグし、より大きな実用的なプロジェクトにプログラミングナレッジを適用することにより、独立したコーディングアプローチを構築します。,"Build an independent Korean communication style by combining advanced grammar, vocabulary, pronunciation, listening, speaking, and adaptable conversation skills.",高度な文法、語彙、発音、リスニング、スピーキング、適応可能な会話スキルを組み合わせることにより、独立した韓国のコミュ,"Build an independent Korean communication style by combining advanced grammar, vocabulary, pronunciation, listening, speaking, and adaptable conversation skills.",高度な文法、語彙、発音、リスニング、スピーキング、適応可能な会話スキルを組み合わせることにより、独立した韓国のコミュ,1021,1021,1021,1021,NULL,NULL
93,24,Beginner,ビギナー,"Learn practical ways to use AI tools for writing, brainstorming, research, summarizing information, organization, productivity, and common everyday work tasks.",執筆、ブレーンストーミング、研究、情報の要約、組織、生産性、一般的な日常業務のためのAIツールを使用する実用的な方法を学びます。,"Learn practical Thai language skills through essential vocabulary, pronunciation, greetings, useful phrases, and simple sentence patterns for everyday communication.",日常のコミュニケーションのための本質的な語彙、発音、挨拶、有用なフレーズ、簡単な文のパターンを通じて実用的なタイ語のスキルを学びます。,"Learn practical Thai language skills through essential vocabulary, pronunciation, greetings, useful phrases, and simple sentence patterns for everyday communication.",日常のコミュニケーションのための本質的な語彙、発音、挨拶、有用なフレーズ、簡単な文のパターンを通じて実用的なタイ語のスキルを学びます。,251,251,251,251,NULL,NULL
94,24,Intermediate,中級,"Improve AI tool usage by creating clearer instructions, refining results, organizing workflows, and applying AI effectively to different study and workplace situations.",より明確な指示を作成し、結果を洗練し、ワークフローを整理し、さまざまな研究や職場の状況にAIを効果的に適用することで、AIツールの使用を改善します。,"Improve Thai communication through expanded vocabulary, clearer pronunciation, stronger sentence structures, listening practice, and practical conversations for common situations.",拡大語彙、明確な発音、強力な文構造、リスニング練習、一般的な状況のための実用的な会話を通じてタイのコミュニケーションを向上させます。,"Improve Thai communication through expanded vocabulary, clearer pronunciation, stronger sentence structures, listening practice, and practical conversations for common situations.",拡大語彙、明確な発音、強力な文構造、リスニング練習、一般的な状況のための実用的な会話を通じてタイのコミュニケーションを向上させます。,484,484,484,484,NULL,NULL
95,24,Advanced,アドバンスド,"Develop advanced AI workflow skills by combining multiple tools and techniques, improving instructions, reviewing results carefully, and applying AI to more complex professional tasks.",複数のツールやテクニックを組み合わせ、指示を改善し、結果を慎重に見直し、より複雑な専門的なタスクにAIを適用することにより、高度なAIワークフ,"Develop advanced Thai language skills through broader vocabulary, more complex sentence structures, natural expressions, listening skills, and confident communication across varied situations.",幅広い語彙、より複雑な文構造、自然な表現、リスニングスキル、様々な状況にわたって自信を持ってコミュニケーションを通じて、高度なタイ語スキ,"Develop advanced Thai language skills through broader vocabulary, more complex sentence structures, natural expressions, listening skills, and confident communication across varied situations.",幅広い語彙、より複雑な文構造、自然な表現、リスニングスキル、様々な状況にわたって自信を持ってコミュニケーションを通じて、高度なタイ語スキ,758,758,758,758,NULL,NULL
96,24,Expert,専門家,"Build an effective and adaptable AI workflow by selecting suitable tools, creating structured instructions, reviewing results critically, and integrating AI responsibly into everyday work.",適切なツールを選択し、構造化された指示を作成し、結果を批判的にレビューし、日常の仕事に責任を持ってAIを統合することで、効果的で適応可能なAIワークフローを構築します。,"Build an independent Thai communication approach by combining advanced vocabulary, pronunciation, grammar, listening, speaking, and adaptable everyday conversation skills.",高度な語彙、発音、文法、リスニング、スピーキング、および適応可能な日常会話のスキルを組み合わせることにより、独立したタイのコミュ,"Build an independent Thai communication approach by combining advanced vocabulary, pronunciation, grammar, listening, speaking, and adaptable everyday conversation skills.",高度な語彙、発音、文法、リスニング、スピーキング、および適応可能な日常会話のスキルを組み合わせることにより、独立したタイのコミュ,974,974,974,974,NULL,NULL
97,25,Beginner,ビギナー,"Learn essential data skills by understanding how to organize information, read tables, identify patterns, compare values, and communicate simple findings clearly.",情報の整理、表の読み取り、パターンの識別、値の比較、簡単な調査結果の明確な伝達方法を理解することで、重要なデータスキルを学びます。,"Learn essential business English through workplace vocabulary, professional expressions, email communication, meetings, presentations, and clear communication for common professional situations.",職場の語彙、専門的な表現、電子メールコミュニケーション、会議、プレゼンテーション、一般的な専門的な状況のための明確なコミュニケーシ,"Learn essential business English through workplace vocabulary, professional expressions, email communication, meetings, presentations, and clear communication for common professional situations.",職場の語彙、専門的な表現、電子メールコミュニケーション、会議、プレゼンテーション、一般的な専門的な状況のための明確なコミュニケーシ,229,229,229,229,NULL,NULL
98,25,Intermediate,中級,"Strengthen data skills by practicing data organization, basic analysis, simple calculations, visual presentation, and interpretation of information from different sources.",データ編成、基本的な分析、簡単な計算、視覚的なプレゼンテーション、さまざまなソースからの情報の解釈を実践することにより、データスキルを強化します。,"Strengthen professional English through workplace conversations, business vocabulary, email writing, meetings, presentations, and appropriate communication for different professional situations.",職場での会話、ビジネス語彙、電子メールの書き込み、会議、プレゼンテーション、およびさまざまな専門的な状況のための適切なコミュ,"Strengthen professional English through workplace conversations, business vocabulary, email writing, meetings, presentations, and appropriate communication for different professional situations.",職場での会話、ビジネス語彙、電子メールの書き込み、会議、プレゼンテーション、およびさまざまな専門的な状況のための適切なコミュ,433,433,433,433,NULL,NULL
99,25,Advanced,アドバンスド,"Develop advanced data skills by analyzing larger sets of information, identifying meaningful patterns, comparing results, and presenting findings clearly and accurately.",より多くの情報を分析し、意味のあるパターンを特定し、結果を比較し、結果を明確かつ正確に提示することにより、高度なデータスキルを開発します。,"Develop advanced business English skills through complex workplace discussions, professional writing, presentations, meetings, negotiations, and adaptable communication across different business situations.",複雑な職場でのディスカッション、プロのライティング、プレゼンテーション、ミーティング、交渉、さまざまなビジネス状況にわたる適応可能なコミュ,"Develop advanced business English skills through complex workplace discussions, professional writing, presentations, meetings, negotiations, and adaptable communication across different business situations.",複雑な職場でのディスカッション、プロのライティング、プレゼンテーション、ミーティング、交渉、さまざまなビジネス状況にわたる適応可能なコミュ,704,704,704,704,NULL,NULL
100,25,Expert,専門家,"Build an independent data-analysis approach by combining organization, interpretation, visualization, critical thinking, and clear communication of findings for practical situations.",組織、解釈、視覚化、批判的思考、および実用的な状況のための調査結果の明確なコミュニケーションを組み合わせることにより、独立したデータ分析ア,"Build an independent professional communication style by combining advanced vocabulary, workplace writing, presentations, meetings, professional conversations, and effective communication strategies.",高度な語彙、職場の執筆、プレゼンテーション、会議、専門的な会話、効果的なコミュニケーション戦略を組み合わせることにより、独立したプロのコミュ,"Build an independent professional communication style by combining advanced vocabulary, workplace writing, presentations, meetings, professional conversations, and effective communication strategies.",高度な語彙、職場の執筆、プレゼンテーション、会議、専門的な会話、効果的なコミュニケーション戦略を組み合わせることにより、独立したプロのコミュ,1069,1069,1069,1069,NULL,NULL